[{"model": "admin.logentry", "pk": 5, "fields": {"action_time": "2023-01-07T12:50:58.937Z", "user": 2, "content_type": 6, "object_id": "1", "object_repr": "Abdoulaye Diagne", "action_flag": 2, "change_message": "[]"}}, {"model": "admin.logentry", "pk": 7, "fields": {"action_time": "2023-01-07T14:56:51.473Z", "user": 2, "content_type": 16, "object_id": "1", "object_repr": "abdoulaye19971@gmail.com", "action_flag": 3, "change_message": ""}}, {"model": "admin.logentry", "pk": 8, "fields": {"action_time": "2023-01-07T15:02:24.512Z", "user": 2, "content_type": 16, "object_id": "6", "object_repr": "abdoulaye19971@gmail.com", "action_flag": 3, "change_message": ""}}, {"model": "admin.logentry", "pk": 9, "fields": {"action_time": "2023-01-07T15:08:44.389Z", "user": 2, "content_type": 16, "object_id": "7", "object_repr": "abdoulaye19971@gmail.com", "action_flag": 3, "change_message": ""}}, {"model": "admin.logentry", "pk": 10, "fields": {"action_time": "2023-01-07T15:13:23.294Z", "user": 2, "content_type": 16, "object_id": "8", "object_repr": "abdoulaye19971@gmail.com", "action_flag": 3, "change_message": ""}}, {"model": "admin.logentry", "pk": 11, "fields": {"action_time": "2023-01-07T15:30:53.369Z", "user": 2, "content_type": 16, "object_id": "9", "object_repr": "abdoulaye19971@gmail.com", "action_flag": 3, "change_message": ""}}, {"model": "admin.logentry", "pk": 12, "fields": {"action_time": "2023-01-07T15:32:46.147Z", "user": 2, "content_type": 16, "object_id": "10", "object_repr": "abdoulaye19971@gmail.com", "action_flag": 3, "change_message": ""}}, {"model": "admin.logentry", "pk": 13, "fields": {"action_time": "2023-01-07T15:39:36.947Z", "user": 2, "content_type": 16, "object_id": "12", "object_repr": "mysterystars03@gmail.com", "action_flag": 1, "change_message": "[{\"added\": {}}]"}}, {"model": "admin.logentry", "pk": 14, "fields": {"action_time": "2023-01-07T15:39:50.607Z", "user": 2, "content_type": 16, "object_id": "12", "object_repr": "mysterystars03@gmail.com", "action_flag": 2, "change_message": "[{\"changed\": {\"fields\": [\"Admin\", \"Staff\", \"Active\"]}}]"}}, {"model": "admin.logentry", "pk": 22, "fields": {"action_time": "2023-01-07T16:19:10.841Z", "user": 16, "content_type": 16, "object_id": "17", "object_repr": "abdoulaye19971@gmail.com", "action_flag": 3, "change_message": ""}}, {"model": "admin.logentry", "pk": 23, "fields": {"action_time": "2023-01-08T12:41:22.034Z", "user": 16, "content_type": 16, "object_id": "18", "object_repr": "abdoulaye19971@gmail.com", "action_flag": 3, "change_message": ""}}, {"model": "admin.logentry", "pk": 24, "fields": {"action_time": "2023-01-08T12:49:37.954Z", "user": 16, "content_type": 16, "object_id": "20", "object_repr": "abdoulaye19971@gmail.com", "action_flag": 3, "change_message": ""}}, {"model": "admin.logentry", "pk": 25, "fields": {"action_time": "2023-01-08T13:01:06.515Z", "user": 16, "content_type": 16, "object_id": "21", "object_repr": "abdoulaye19971@gmail.com", "action_flag": 3, "change_message": ""}}, {"model": "admin.logentry", "pk": 26, "fields": {"action_time": "2023-01-08T13:01:06.520Z", "user": 16, "content_type": 16, "object_id": "5", "object_repr": "abdoulaye@agent.com", "action_flag": 3, "change_message": ""}}, {"model": "admin.logentry", "pk": 27, "fields": {"action_time": "2023-01-08T13:01:06.526Z", "user": 16, "content_type": 16, "object_id": "22", "object_repr": "fgh@gmail.com", "action_flag": 3, "change_message": ""}}, {"model": "admin.logentry", "pk": 28, "fields": {"action_time": "2023-01-08T13:17:06.389Z", "user": 16, "content_type": 16, "object_id": "24", "object_repr": "abdoulaye19971@gmail.com", "action_flag": 3, "change_message": ""}}, {"model": "admin.logentry", "pk": 29, "fields": {"action_time": "2023-01-08T13:18:48.931Z", "user": 16, "content_type": 16, "object_id": "25", "object_repr": "abdoulaye19971@gmail.com", "action_flag": 3, "change_message": ""}}, {"model": "admin.logentry", "pk": 30, "fields": {"action_time": "2023-01-08T13:46:38.092Z", "user": 16, "content_type": 16, "object_id": "26", "object_repr": "abdoulaye19971@gmail.com", "action_flag": 3, "change_message": ""}}, {"model": "admin.logentry", "pk": 31, "fields": {"action_time": "2023-01-08T13:46:38.109Z", "user": 16, "content_type": 16, "object_id": "23", "object_repr": "fgh@gmail.com", "action_flag": 3, "change_message": ""}}, {"model": "admin.logentry", "pk": 32, "fields": {"action_time": "2023-01-08T21:06:04.220Z", "user": 16, "content_type": 16, "object_id": "29", "object_repr": "abdoulaye19971@gmail.com", "action_flag": 3, "change_message": ""}}, {"model": "admin.logentry", "pk": 33, "fields": {"action_time": "2023-01-08T21:23:02.797Z", "user": 16, "content_type": 16, "object_id": "30", "object_repr": "abdoulaye19971@gmail.com", "action_flag": 3, "change_message": ""}}, {"model": "admin.logentry", "pk": 34, "fields": {"action_time": "2023-01-08T22:17:15.418Z", "user": 16, "content_type": 16, "object_id": "27", "object_repr": "abdoulaye1997111@gmail.com", "action_flag": 3, "change_message": ""}}, {"model": "admin.logentry", "pk": 35, "fields": {"action_time": "2023-01-08T22:17:15.467Z", "user": 16, "content_type": 16, "object_id": "31", "object_repr": "abdoulaye19971@gmail.com", "action_flag": 3, "change_message": ""}}, {"model": "admin.logentry", "pk": 36, "fields": {"action_time": "2023-01-08T22:17:15.476Z", "user": 16, "content_type": 16, "object_id": "32", "object_repr": "gael23@test.com", "action_flag": 3, "change_message": ""}}, {"model": "admin.logentry", "pk": 37, "fields": {"action_time": "2023-01-08T22:17:15.484Z", "user": 16, "content_type": 16, "object_id": "28", "object_repr": "gael2@test.com", "action_flag": 3, "change_message": ""}}, {"model": "admin.logentry", "pk": 38, "fields": {"action_time": "2023-01-08T22:17:15.495Z", "user": 16, "content_type": 16, "object_id": "19", "object_repr": "zdsfq@dfd.com", "action_flag": 3, "change_message": ""}}, {"model": "admin.logentry", "pk": 39, "fields": {"action_time": "2023-01-08T22:32:31.930Z", "user": 16, "content_type": 16, "object_id": "33", "object_repr": "abdoulaye19971@gmail.com", "action_flag": 3, "change_message": ""}}, {"model": "admin.logentry", "pk": 40, "fields": {"action_time": "2023-01-08T22:44:43.723Z", "user": 16, "content_type": 16, "object_id": "34", "object_repr": "abdoulaye19971@gmail.com", "action_flag": 3, "change_message": ""}}, {"model": "admin.logentry", "pk": 41, "fields": {"action_time": "2023-01-12T00:14:38.964Z", "user": 16, "content_type": 16, "object_id": "35", "object_repr": "abdoulaye19971@gmail.com", "action_flag": 3, "change_message": ""}}, {"model": "admin.logentry", "pk": 42, "fields": {"action_time": "2023-01-14T12:57:58.224Z", "user": 16, "content_type": 16, "object_id": "38", "object_repr": "abdoulaye19971@gmail.com", "action_flag": 3, "change_message": ""}}, {"model": "admin.logentry", "pk": 43, "fields": {"action_time": "2023-01-14T13:06:26.705Z", "user": 16, "content_type": 16, "object_id": "39", "object_repr": "abdoulaye19971@gmail.com", "action_flag": 3, "change_message": ""}}, {"model": "admin.logentry", "pk": 44, "fields": {"action_time": "2023-01-14T14:29:32.543Z", "user": 16, "content_type": 6, "object_id": "11", "object_repr": "Abdoulaye DIAGNE", "action_flag": 2, "change_message": "[{\"changed\": {\"fields\": [\"User\"]}}]"}}, {"model": "admin.logentry", "pk": 45, "fields": {"action_time": "2023-01-14T14:35:00.422Z", "user": 16, "content_type": 16, "object_id": "40", "object_repr": "abdoulaye19971@gmail.com", "action_flag": 2, "change_message": "[{\"changed\": {\"fields\": [\"Staff\"]}}]"}}, {"model": "admin.logentry", "pk": 46, "fields": {"action_time": "2023-01-20T13:49:41.208Z", "user": 16, "content_type": 16, "object_id": "44", "object_repr": "abdoulaye19971@gmail.com", "action_flag": 3, "change_message": ""}}, {"model": "admin.logentry", "pk": 47, "fields": {"action_time": "2023-01-20T13:49:41.256Z", "user": 16, "content_type": 16, "object_id": "40", "object_repr": "test@test.com", "action_flag": 3, "change_message": ""}}, {"model": "admin.logentry", "pk": 48, "fields": {"action_time": "2023-01-20T14:13:14.810Z", "user": 16, "content_type": 16, "object_id": "45", "object_repr": "abdoulaye19971@gmail.com", "action_flag": 3, "change_message": ""}}, {"model": "admin.logentry", "pk": 49, "fields": {"action_time": "2023-01-20T14:15:44.493Z", "user": 16, "content_type": 16, "object_id": "46", "object_repr": "abdoulaye19971@gmail.com", "action_flag": 3, "change_message": ""}}, {"model": "admin.logentry", "pk": 50, "fields": {"action_time": "2023-01-20T14:17:57.429Z", "user": 16, "content_type": 16, "object_id": "47", "object_repr": "abdoulaye19971@gmail.com", "action_flag": 3, "change_message": ""}}, {"model": "admin.logentry", "pk": 51, "fields": {"action_time": "2023-01-20T14:19:17.949Z", "user": 16, "content_type": 16, "object_id": "48", "object_repr": "abdoulaye19971@gmail.com", "action_flag": 3, "change_message": ""}}, {"model": "admin.logentry", "pk": 52, "fields": {"action_time": "2023-01-20T14:20:19.849Z", "user": 16, "content_type": 16, "object_id": "49", "object_repr": "abdoulaye19971@gmail.com", "action_flag": 3, "change_message": ""}}, {"model": "admin.logentry", "pk": 53, "fields": {"action_time": "2023-01-20T14:21:18.864Z", "user": 16, "content_type": 16, "object_id": "36", "object_repr": "1234@gami.vom", "action_flag": 3, "change_message": ""}}, {"model": "admin.logentry", "pk": 54, "fields": {"action_time": "2023-01-20T14:21:18.876Z", "user": 16, "content_type": 16, "object_id": "43", "object_repr": "dsvfdbfvsb@ff.com", "action_flag": 3, "change_message": ""}}, {"model": "admin.logentry", "pk": 55, "fields": {"action_time": "2023-01-20T14:21:18.887Z", "user": 16, "content_type": 16, "object_id": "41", "object_repr": "mysterystars0123@gmail.com", "action_flag": 3, "change_message": ""}}, {"model": "admin.logentry", "pk": 56, "fields": {"action_time": "2023-01-20T14:21:18.896Z", "user": 16, "content_type": 16, "object_id": "42", "object_repr": "test3@gmail.com", "action_flag": 3, "change_message": ""}}, {"model": "admin.logentry", "pk": 57, "fields": {"action_time": "2023-01-20T14:21:18.906Z", "user": 16, "content_type": 16, "object_id": "3", "object_repr": "texcgo@gmail.com", "action_flag": 3, "change_message": ""}}, {"model": "admin.logentry", "pk": 58, "fields": {"action_time": "2023-01-20T14:28:03.805Z", "user": 16, "content_type": 16, "object_id": "50", "object_repr": "abdoulaye19971@gmail.com", "action_flag": 3, "change_message": ""}}, {"model": "admin.logentry", "pk": 59, "fields": {"action_time": "2023-01-21T12:33:10.919Z", "user": 16, "content_type": 16, "object_id": "51", "object_repr": "abdoulaye19971@gmail.com", "action_flag": 3, "change_message": ""}}, {"model": "admin.logentry", "pk": 60, "fields": {"action_time": "2023-01-21T13:01:47.163Z", "user": 16, "content_type": 16, "object_id": "15", "object_repr": "diagnabdoumeas@gmail.com", "action_flag": 3, "change_message": ""}}, {"model": "admin.logentry", "pk": 61, "fields": {"action_time": "2023-01-21T13:53:35.193Z", "user": 16, "content_type": 16, "object_id": "52", "object_repr": "abdoulaye19971@gmail.com", "action_flag": 3, "change_message": ""}}, {"model": "admin.logentry", "pk": 62, "fields": {"action_time": "2023-01-21T16:58:01.823Z", "user": 16, "content_type": 16, "object_id": "54", "object_repr": "abdoulaye19971@gmail.com", "action_flag": 3, "change_message": ""}}, {"model": "admin.logentry", "pk": 63, "fields": {"action_time": "2023-01-21T17:00:22.356Z", "user": 16, "content_type": 16, "object_id": "55", "object_repr": "abdoulaye19971@gmail.com", "action_flag": 3, "change_message": ""}}, {"model": "admin.logentry", "pk": 64, "fields": {"action_time": "2023-01-21T17:05:46.050Z", "user": 16, "content_type": 6, "object_id": "12", "object_repr": "Abdoulaye Diagne", "action_flag": 3, "change_message": ""}}, {"model": "admin.logentry", "pk": 65, "fields": {"action_time": "2023-02-18T10:09:19.968Z", "user": 16, "content_type": 15, "object_id": "2", "object_repr": "autre", "action_flag": 1, "change_message": "[{\"added\": {}}]"}}, {"model": "admin.logentry", "pk": 66, "fields": {"action_time": "2023-02-18T10:09:26.631Z", "user": 16, "content_type": 16, "object_id": "60", "object_repr": "cheikhouomardiakhate@gmail.com", "action_flag": 2, "change_message": "[{\"changed\": {\"fields\": [\"Societe\"]}}]"}}, {"model": "admin.logentry", "pk": 67, "fields": {"action_time": "2023-02-19T23:34:11.934Z", "user": 16, "content_type": 16, "object_id": "61", "object_repr": "amathcaraw94@gmail.com", "action_flag": 2, "change_message": "[{\"changed\": {\"fields\": [\"Username\"]}}]"}}, {"model": "auth.permission", "pk": 1, "fields": {"name": "Can add log entry", "content_type": 1, "codename": "add_logentry"}}, {"model": "auth.permission", "pk": 2, "fields": {"name": "Can change log entry", "content_type": 1, "codename": "change_logentry"}}, {"model": "auth.permission", "pk": 3, "fields": {"name": "Can delete log entry", "content_type": 1, "codename": "delete_logentry"}}, {"model": "auth.permission", "pk": 4, "fields": {"name": "Can view log entry", "content_type": 1, "codename": "view_logentry"}}, {"model": "auth.permission", "pk": 5, "fields": {"name": "Can add permission", "content_type": 2, "codename": "add_permission"}}, {"model": "auth.permission", "pk": 6, "fields": {"name": "Can change permission", "content_type": 2, "codename": "change_permission"}}, {"model": "auth.permission", "pk": 7, "fields": {"name": "Can delete permission", "content_type": 2, "codename": "delete_permission"}}, {"model": "auth.permission", "pk": 8, "fields": {"name": "Can view permission", "content_type": 2, "codename": "view_permission"}}, {"model": "auth.permission", "pk": 9, "fields": {"name": "Can add group", "content_type": 3, "codename": "add_group"}}, {"model": "auth.permission", "pk": 10, "fields": {"name": "Can change group", "content_type": 3, "codename": "change_group"}}, {"model": "auth.permission", "pk": 11, "fields": {"name": "Can delete group", "content_type": 3, "codename": "delete_group"}}, {"model": "auth.permission", "pk": 12, "fields": {"name": "Can view group", "content_type": 3, "codename": "view_group"}}, {"model": "auth.permission", "pk": 13, "fields": {"name": "Can add content type", "content_type": 4, "codename": "add_contenttype"}}, {"model": "auth.permission", "pk": 14, "fields": {"name": "Can change content type", "content_type": 4, "codename": "change_contenttype"}}, {"model": "auth.permission", "pk": 15, "fields": {"name": "Can delete content type", "content_type": 4, "codename": "delete_contenttype"}}, {"model": "auth.permission", "pk": 16, "fields": {"name": "Can view content type", "content_type": 4, "codename": "view_contenttype"}}, {"model": "auth.permission", "pk": 17, "fields": {"name": "Can add session", "content_type": 5, "codename": "add_session"}}, {"model": "auth.permission", "pk": 18, "fields": {"name": "Can change session", "content_type": 5, "codename": "change_session"}}, {"model": "auth.permission", "pk": 19, "fields": {"name": "Can delete session", "content_type": 5, "codename": "delete_session"}}, {"model": "auth.permission", "pk": 20, "fields": {"name": "Can view session", "content_type": 5, "codename": "view_session"}}, {"model": "auth.permission", "pk": 21, "fields": {"name": "Can add agent", "content_type": 6, "codename": "add_agent"}}, {"model": "auth.permission", "pk": 22, "fields": {"name": "Can change agent", "content_type": 6, "codename": "change_agent"}}, {"model": "auth.permission", "pk": 23, "fields": {"name": "Can delete agent", "content_type": 6, "codename": "delete_agent"}}, {"model": "auth.permission", "pk": 24, "fields": {"name": "Can view agent", "content_type": 6, "codename": "view_agent"}}, {"model": "auth.permission", "pk": 25, "fields": {"name": "Can add client", "content_type": 7, "codename": "add_client"}}, {"model": "auth.permission", "pk": 26, "fields": {"name": "Can change client", "content_type": 7, "codename": "change_client"}}, {"model": "auth.permission", "pk": 27, "fields": {"name": "Can delete client", "content_type": 7, "codename": "delete_client"}}, {"model": "auth.permission", "pk": 28, "fields": {"name": "Can view client", "content_type": 7, "codename": "view_client"}}, {"model": "auth.permission", "pk": 29, "fields": {"name": "Can add details_mission", "content_type": 8, "codename": "add_details_mission"}}, {"model": "auth.permission", "pk": 30, "fields": {"name": "Can change details_mission", "content_type": 8, "codename": "change_details_mission"}}, {"model": "auth.permission", "pk": 31, "fields": {"name": "Can delete details_mission", "content_type": 8, "codename": "delete_details_mission"}}, {"model": "auth.permission", "pk": 32, "fields": {"name": "Can view details_mission", "content_type": 8, "codename": "view_details_mission"}}, {"model": "auth.permission", "pk": 33, "fields": {"name": "Can add equipe", "content_type": 9, "codename": "add_equipe"}}, {"model": "auth.permission", "pk": 34, "fields": {"name": "Can change equipe", "content_type": 9, "codename": "change_equipe"}}, {"model": "auth.permission", "pk": 35, "fields": {"name": "Can delete equipe", "content_type": 9, "codename": "delete_equipe"}}, {"model": "auth.permission", "pk": 36, "fields": {"name": "Can view equipe", "content_type": 9, "codename": "view_equipe"}}, {"model": "auth.permission", "pk": 37, "fields": {"name": "Can add vacation_agent", "content_type": 10, "codename": "add_vacation_agent"}}, {"model": "auth.permission", "pk": 38, "fields": {"name": "Can change vacation_agent", "content_type": 10, "codename": "change_vacation_agent"}}, {"model": "auth.permission", "pk": 39, "fields": {"name": "Can delete vacation_agent", "content_type": 10, "codename": "delete_vacation_agent"}}, {"model": "auth.permission", "pk": 40, "fields": {"name": "Can view vacation_agent", "content_type": 10, "codename": "view_vacation_agent"}}, {"model": "auth.permission", "pk": 41, "fields": {"name": "Can add mission", "content_type": 11, "codename": "add_mission"}}, {"model": "auth.permission", "pk": 42, "fields": {"name": "Can change mission", "content_type": 11, "codename": "change_mission"}}, {"model": "auth.permission", "pk": 43, "fields": {"name": "Can delete mission", "content_type": 11, "codename": "delete_mission"}}, {"model": "auth.permission", "pk": 44, "fields": {"name": "Can view mission", "content_type": 11, "codename": "view_mission"}}, {"model": "auth.permission", "pk": 45, "fields": {"name": "Can add membership", "content_type": 12, "codename": "add_membership"}}, {"model": "auth.permission", "pk": 46, "fields": {"name": "Can change membership", "content_type": 12, "codename": "change_membership"}}, {"model": "auth.permission", "pk": 47, "fields": {"name": "Can delete membership", "content_type": 12, "codename": "delete_membership"}}, {"model": "auth.permission", "pk": 48, "fields": {"name": "Can view membership", "content_type": 12, "codename": "view_membership"}}, {"model": "auth.permission", "pk": 49, "fields": {"name": "Can add diplome", "content_type": 13, "codename": "add_diplome"}}, {"model": "auth.permission", "pk": 50, "fields": {"name": "Can change diplome", "content_type": 13, "codename": "change_diplome"}}, {"model": "auth.permission", "pk": 51, "fields": {"name": "Can delete diplome", "content_type": 13, "codename": "delete_diplome"}}, {"model": "auth.permission", "pk": 52, "fields": {"name": "Can view diplome", "content_type": 13, "codename": "view_diplome"}}, {"model": "auth.permission", "pk": 53, "fields": {"name": "Can add details_diplome", "content_type": 14, "codename": "add_details_diplome"}}, {"model": "auth.permission", "pk": 54, "fields": {"name": "Can change details_diplome", "content_type": 14, "codename": "change_details_diplome"}}, {"model": "auth.permission", "pk": 55, "fields": {"name": "Can delete details_diplome", "content_type": 14, "codename": "delete_details_diplome"}}, {"model": "auth.permission", "pk": 56, "fields": {"name": "Can view details_diplome", "content_type": 14, "codename": "view_details_diplome"}}, {"model": "auth.permission", "pk": 57, "fields": {"name": "Can add societe", "content_type": 15, "codename": "add_societe"}}, {"model": "auth.permission", "pk": 58, "fields": {"name": "Can change societe", "content_type": 15, "codename": "change_societe"}}, {"model": "auth.permission", "pk": 59, "fields": {"name": "Can delete societe", "content_type": 15, "codename": "delete_societe"}}, {"model": "auth.permission", "pk": 60, "fields": {"name": "Can view societe", "content_type": 15, "codename": "view_societe"}}, {"model": "auth.permission", "pk": 61, "fields": {"name": "Can add user", "content_type": 16, "codename": "add_user"}}, {"model": "auth.permission", "pk": 62, "fields": {"name": "Can change user", "content_type": 16, "codename": "change_user"}}, {"model": "auth.permission", "pk": 63, "fields": {"name": "Can delete user", "content_type": 16, "codename": "delete_user"}}, {"model": "auth.permission", "pk": 64, "fields": {"name": "Can view user", "content_type": 16, "codename": "view_user"}}, {"model": "auth.permission", "pk": 65, "fields": {"name": "Can add fonctionnalites", "content_type": 17, "codename": "add_fonctionnalites"}}, {"model": "auth.permission", "pk": 66, "fields": {"name": "Can change fonctionnalites", "content_type": 17, "codename": "change_fonctionnalites"}}, {"model": "auth.permission", "pk": 67, "fields": {"name": "Can delete fonctionnalites", "content_type": 17, "codename": "delete_fonctionnalites"}}, {"model": "auth.permission", "pk": 68, "fields": {"name": "Can view fonctionnalites", "content_type": 17, "codename": "view_fonctionnalites"}}, {"model": "auth.permission", "pk": 69, "fields": {"name": "Can add detailsfonctionnalites", "content_type": 18, "codename": "add_detailsfonctionnalites"}}, {"model": "auth.permission", "pk": 70, "fields": {"name": "Can change detailsfonctionnalites", "content_type": 18, "codename": "change_detailsfonctionnalites"}}, {"model": "auth.permission", "pk": 71, "fields": {"name": "Can delete detailsfonctionnalites", "content_type": 18, "codename": "delete_detailsfonctionnalites"}}, {"model": "auth.permission", "pk": 72, "fields": {"name": "Can view detailsfonctionnalites", "content_type": 18, "codename": "view_detailsfonctionnalites"}}, {"model": "contenttypes.contenttype", "pk": 1, "fields": {"app_label": "admin", "model": "logentry"}}, {"model": "contenttypes.contenttype", "pk": 2, "fields": {"app_label": "auth", "model": "permission"}}, {"model": "contenttypes.contenttype", "pk": 3, "fields": {"app_label": "auth", "model": "group"}}, {"model": "contenttypes.contenttype", "pk": 4, "fields": {"app_label": "contenttypes", "model": "contenttype"}}, {"model": "contenttypes.contenttype", "pk": 5, "fields": {"app_label": "sessions", "model": "session"}}, {"model": "contenttypes.contenttype", "pk": 6, "fields": {"app_label": "gestion_activites", "model": "agent"}}, {"model": "contenttypes.contenttype", "pk": 7, "fields": {"app_label": "gestion_activites", "model": "client"}}, {"model": "contenttypes.contenttype", "pk": 8, "fields": {"app_label": "gestion_activites", "model": "details_mission"}}, {"model": "contenttypes.contenttype", "pk": 9, "fields": {"app_label": "gestion_activites", "model": "equipe"}}, {"model": "contenttypes.contenttype", "pk": 10, "fields": {"app_label": "gestion_activites", "model": "vacation_agent"}}, {"model": "contenttypes.contenttype", "pk": 11, "fields": {"app_label": "gestion_activites", "model": "mission"}}, {"model": "contenttypes.contenttype", "pk": 12, "fields": {"app_label": "gestion_activites", "model": "membership"}}, {"model": "contenttypes.contenttype", "pk": 13, "fields": {"app_label": "gestion_activites", "model": "diplome"}}, {"model": "contenttypes.contenttype", "pk": 14, "fields": {"app_label": "gestion_activites", "model": "details_diplome"}}, {"model": "contenttypes.contenttype", "pk": 15, "fields": {"app_label": "gestion_utilisateurs", "model": "societe"}}, {"model": "contenttypes.contenttype", "pk": 16, "fields": {"app_label": "gestion_utilisateurs", "model": "user"}}, {"model": "contenttypes.contenttype", "pk": 17, "fields": {"app_label": "gestion_utilisateurs", "model": "fonctionnalites"}}, {"model": "contenttypes.contenttype", "pk": 18, "fields": {"app_label": "gestion_utilisateurs", "model": "detailsfonctionnalites"}}, {"model": "sessions.session", "pk": "7v9ci5djcpsr8u7sfanklwr5r32l9hx4", "fields": {"session_data": ".eJxVjEEOwiAQRe_C2hDKdAZw6d4zEGBAqoYmpV0Z765NutDtf-_9l_BhW6vfel78xOIskMTpd4whPXLbCd9Du80yzW1dpih3RR60y-vM-Xk53L-DGnr91tmS02xwNJqiVskWdIlhzMkwAZJiGxXFgoBQwoAOHDtSebCKDGoQ7w_z-TcG:1pVBlg:6OzjPmENhdhwPj0KYyUT96mgyZECV4842uFMIpuPCro", "expire_date": "2023-03-09T13:36:16.547Z"}}, {"model": "sessions.session", "pk": "bvtbkiqp5egt61g3alk8dtceyq4uvu21", "fields": {"session_data": ".eJxVjMsOwiAQRf-FtSFAebp07zeQgWGkaiAp7cr479qkC93ec859sQjbWuM2yhJnZGcmLTv9jgnyo7Sd4B3arfPc27rMie8KP-jg147leTncv4MKo35rbayTdiLplCC0Fgl9EsnmYJTRoCcVtKCUyWTjIMggwHlNFDwE9MKx9wfwRjeT:1pVBlF:_592sP2CjbaVCMzwTKL_KfmbPYPGnuQNOc7pZOrhCIE", "expire_date": "2023-03-09T13:35:49.739Z"}}, {"model": "sessions.session", "pk": "lk5m6ju3eppnmkwlc1s6nqw62g033262", "fields": {"session_data": ".eJxVjEEOwiAQRe_C2hDKdAZw6d4zEGBAqoYmpV0Z765NutDtf-_9l_BhW6vfel78xOIskMTpd4whPXLbCd9Du80yzW1dpih3RR60y-vM-Xk53L-DGnr91tmS02xwNJqiVskWdIlhzMkwAZJiGxXFgoBQwoAOHDtSebCKDGoQ7w_z-TcG:1pOVTj:jGbi2B0K5WhLEshf5W3DaI7tvI6zVnJrihB_NKWnLMM", "expire_date": "2023-02-19T03:14:07.838Z"}}, {"model": "sessions.session", "pk": "wovg17upm6id14eb82l87pzke7wsclu7", "fields": {"session_data": ".eJxVjM0OwiAQhN-FsyHlpyx69O4zkN0FpGogKe3J-O62SQ86x_m-mbcIuC4lrD3NYYriIkYQp9-SkJ-p7iQ-sN6b5FaXeSK5K_KgXd5aTK_r4f4dFOxlW4O2Z-fGLRYHcM4w5Wg1WJ1d9hRt9JgUMpJDlXlQBjV5JgafjTYgPl_53zg3:1pMzOC:DwJ8BWy04hScVRQwYy4TTEOsPfTkDEDWexVLd4nH2tk", "expire_date": "2023-02-14T22:46:08.582Z"}}, {"model": "sessions.session", "pk": "x4n9i0x5n69if6e4kn1i8lklu5vva67x", "fields": {"session_data": ".eJxVjMsOwiAQRf-FtSFAebp07zeQgWGkaiAp7cr479qkC93ec859sQjbWuM2yhJnZGcmLTv9jgnyo7Sd4B3arfPc27rMie8KP-jg147leTncv4MKo35rbayTdiLplCC0Fgl9EsnmYJTRoCcVtKCUyWTjIMggwHlNFDwE9MKx9wfwRjeT:1pN1EC:pxArOOS0TPnj48PB7Dx_GUEGm1pg2OkvoCZv8TM-GQo", "expire_date": "2023-02-15T00:43:56.023Z"}}, {"model": "gestion_activites.diplome", "pk": 1, "fields": {"societe": 1, "nom_diplome": "CQP-APS", "created_at": "2023-01-14T00:17:59.101Z", "modified_at": "2023-01-27T22:31:20.293Z"}}, {"model": "gestion_activites.diplome", "pk": 2, "fields": {"societe": 1, "nom_diplome": "SSIAP1", "created_at": "2023-01-27T23:39:56.968Z", "modified_at": "2023-01-27T23:39:56.968Z"}}, {"model": "gestion_activites.diplome", "pk": 4, "fields": {"societe": 1, "nom_diplome": "SSIAP2", "created_at": "2023-02-18T17:41:04.813Z", "modified_at": "2023-02-18T17:41:04.813Z"}}, {"model": "gestion_activites.agent", "pk": 8, "fields": {"societe": 1, "user": 53, "identifiant": "008", "nom": "test", "prenom": "ok", "adresse": "", "code_postal": "", "ville": "", "telephone": "", "mail": "diagnabdoumeas@gmail.com", "photo": "images/champion_afrique.jpg", "disponibilite": false, "created_at": "2023-01-08T22:22:27.246Z", "modified_at": "2023-01-27T13:51:46.638Z"}}, {"model": "gestion_activites.agent", "pk": 13, "fields": {"societe": 1, "user": 56, "identifiant": "21", "nom": "Diagne", "prenom": "Babacar", "adresse": "13 avenue bontemps", "code_postal": "92700", "ville": "colombes", "telephone": "0651457421", "mail": "abdoulaye19971@gmail.com", "photo": "images/R.jfif", "disponibilite": false, "created_at": "2023-01-21T17:06:25.118Z", "modified_at": "2023-01-31T23:15:33.839Z"}}, {"model": "gestion_activites.agent", "pk": 14, "fields": {"societe": 1, "user": 57, "identifiant": "00235", "nom": "Test_perm", "prenom": "ok", "adresse": "38 rue Etoupée", "code_postal": "76000", "ville": "Gennevilliers - 92230", "telephone": "06514574452", "mail": "test33@ff.com", "photo": "images/car_rapide_sibu6Vx.jpg", "disponibilite": false, "created_at": "2023-01-31T23:16:58.578Z", "modified_at": "2023-02-05T00:04:38.474Z"}}, {"model": "gestion_activites.agent", "pk": 15, "fields": {"societe": 1, "user": 60, "identifiant": "02145", "nom": "DIAKHATE", "prenom": "Cheikhou Omar", "adresse": "14 Louis Langevin", "code_postal": "12345", "ville": "Lille", "telephone": "556454635", "mail": "cheikhouomardiakhate@gmail.com", "photo": "images/Microsoft_Edge_logo_2019.png", "disponibilite": false, "created_at": "2023-02-05T00:03:47.224Z", "modified_at": "2023-02-05T00:15:03.069Z"}}, {"model": "gestion_activites.agent", "pk": 16, "fields": {"societe": 1, "user": 61, "identifiant": "0215", "nom": "Lemoine", "prenom": "Jordan", "adresse": "", "code_postal": "", "ville": "", "telephone": "", "mail": "amathcaraw94@gmail.com", "photo": "images/tttg_Bm4W5s7.jfif", "disponibilite": false, "created_at": "2023-02-18T17:42:24.615Z", "modified_at": "2023-02-19T23:19:07.111Z"}}, {"model": "gestion_activites.details_diplome", "pk": 2, "fields": {"agent": 13, "diplome": 1, "date_delivrance": "2023-01-27", "date_expiration": "2023-08-04", "validite": true, "created_at": "2023-01-27T13:41:44.252Z", "modified_at": "2023-01-27T13:41:44.252Z"}}, {"model": "gestion_activites.details_diplome", "pk": 3, "fields": {"agent": 14, "diplome": 1, "date_delivrance": "2023-02-05", "date_expiration": "2025-10-05", "validite": true, "created_at": "2023-02-05T00:24:32.962Z", "modified_at": "2023-02-05T00:24:32.962Z"}}, {"model": "gestion_activites.client", "pk": 1, "fields": {"societe": 1, "nom": "Auchan", "telephone": "", "rue1": "38 rue Etoupée", "rue2": "", "code_postal": "", "ville": "Rouen", "boite_postale": "", "created_at": "2023-01-07T12:52:20.704Z", "modified_at": "2023-02-03T21:16:49.552Z"}}, {"model": "gestion_activites.client", "pk": 2, "fields": {"societe": 1, "nom": "Carrefour", "telephone": "", "rue1": "", "rue2": "", "code_postal": "", "ville": "", "boite_postale": "", "created_at": "2023-01-14T14:36:28.881Z", "modified_at": "2023-01-27T13:02:57.528Z"}}, {"model": "gestion_activites.equipe", "pk": 5, "fields": {"societe": 1, "nom_equipe": "test_reponse", "responsable_equipe": 13, "created_at": "2023-01-21T17:10:32.805Z", "modified_at": "2023-01-21T17:10:32.830Z"}}, {"model": "gestion_activites.equipe", "pk": 6, "fields": {"societe": 1, "nom_equipe": "permissions", "responsable_equipe": 14, "created_at": "2023-02-01T00:03:36.580Z", "modified_at": "2023-02-01T00:03:36.608Z"}}, {"model": "gestion_activites.equipe", "pk": 7, "fields": {"societe": 1, "nom_equipe": "equipe Amath", "responsable_equipe": 16, "created_at": "2023-02-18T17:47:32.262Z", "modified_at": "2023-02-18T17:47:32.367Z"}}, {"model": "gestion_activites.equipe", "pk": 8, "fields": {"societe": 1, "nom_equipe": "equipe", "responsable_equipe": 13, "created_at": "2023-02-22T18:15:25.625Z", "modified_at": "2023-02-22T18:15:25.678Z"}}, {"model": "gestion_activites.membership", "pk": 7, "fields": {"equipe": 5, "agent": 13, "validite_diplome": false, "created_at": "2023-01-21T17:10:32.815Z", "modified_at": "2023-01-21T17:10:32.815Z"}}, {"model": "gestion_activites.membership", "pk": 8, "fields": {"equipe": 5, "agent": 8, "validite_diplome": false, "created_at": "2023-01-21T17:10:32.823Z", "modified_at": "2023-01-21T17:10:32.823Z"}}, {"model": "gestion_activites.membership", "pk": 9, "fields": {"equipe": 6, "agent": 14, "validite_diplome": false, "created_at": "2023-02-01T00:03:36.588Z", "modified_at": "2023-02-01T00:03:36.588Z"}}, {"model": "gestion_activites.membership", "pk": 10, "fields": {"equipe": 6, "agent": 8, "validite_diplome": false, "created_at": "2023-02-01T00:03:36.595Z", "modified_at": "2023-02-01T00:03:36.595Z"}}, {"model": "gestion_activites.membership", "pk": 11, "fields": {"equipe": 6, "agent": 13, "validite_diplome": false, "created_at": "2023-02-01T00:03:36.601Z", "modified_at": "2023-02-01T00:03:36.602Z"}}, {"model": "gestion_activites.membership", "pk": 12, "fields": {"equipe": 7, "agent": 16, "validite_diplome": false, "created_at": "2023-02-18T17:47:32.317Z", "modified_at": "2023-02-18T17:47:32.317Z"}}, {"model": "gestion_activites.membership", "pk": 13, "fields": {"equipe": 7, "agent": 14, "validite_diplome": false, "created_at": "2023-02-18T17:47:32.331Z", "modified_at": "2023-02-18T17:47:32.331Z"}}, {"model": "gestion_activites.membership", "pk": 14, "fields": {"equipe": 7, "agent": 13, "validite_diplome": false, "created_at": "2023-02-18T17:47:32.347Z", "modified_at": "2023-02-18T17:47:32.347Z"}}, {"model": "gestion_activites.membership", "pk": 15, "fields": {"equipe": 7, "agent": 8, "validite_diplome": false, "created_at": "2023-02-18T17:47:32.360Z", "modified_at": "2023-02-18T17:47:32.360Z"}}, {"model": "gestion_activites.membership", "pk": 16, "fields": {"equipe": 8, "agent": 13, "validite_diplome": false, "created_at": "2023-02-22T18:15:25.663Z", "modified_at": "2023-02-22T18:15:25.663Z"}}, {"model": "gestion_activites.membership", "pk": 17, "fields": {"equipe": 8, "agent": 15, "validite_diplome": false, "created_at": "2023-02-22T18:15:25.672Z", "modified_at": "2023-02-22T18:15:25.672Z"}}, {"model": "gestion_activites.mission", "pk": 3, "fields": {"societe": 1, "nom": "test_thread", "client": 1, "site": "", "nature_mission": "", "criteres": "", "date_debut": "2023-01-23", "date_fin": "2023-01-31", "heure_debut": "21:11:00", "heure_fin": "23:11:00", "created_at": "2023-01-21T17:11:07.747Z", "modified_at": "2023-01-21T17:11:07.753Z"}}, {"model": "gestion_activites.mission", "pk": 4, "fields": {"societe": 1, "nom": "test duree", "client": 1, "site": "", "nature_mission": "", "criteres": "", "date_debut": "2023-01-23", "date_fin": "2023-01-23", "heure_debut": "19:45:00", "heure_fin": "23:46:00", "created_at": "2023-01-23T19:46:23.832Z", "modified_at": "2023-01-23T19:46:23.838Z"}}, {"model": "gestion_activites.mission", "pk": 5, "fields": {"societe": 1, "nom": "test perm equipes", "client": 1, "site": "", "nature_mission": "", "criteres": "", "date_debut": "2023-02-02", "date_fin": "2023-03-03", "heure_debut": "00:44:00", "heure_fin": "02:44:00", "created_at": "2023-02-01T23:44:14.580Z", "modified_at": "2023-02-01T23:44:14.586Z"}}, {"model": "gestion_activites.mission", "pk": 6, "fields": {"societe": 1, "nom": "test status", "client": 1, "site": "", "nature_mission": "", "criteres": "", "date_debut": "2023-02-16", "date_fin": "2023-11-23", "heure_debut": "02:53:00", "heure_fin": "04:53:00", "created_at": "2023-02-05T00:53:41.956Z", "modified_at": "2023-02-05T00:53:41.962Z"}}, {"model": "gestion_activites.mission", "pk": 7, "fields": {"societe": 1, "nom": "modoudiant", "client": 1, "site": "", "nature_mission": "", "criteres": "", "date_debut": "2023-02-18", "date_fin": "2025-10-18", "heure_debut": "10:00:00", "heure_fin": "20:00:00", "created_at": "2023-02-18T17:56:10.251Z", "modified_at": "2023-02-18T17:56:10.299Z"}}, {"model": "gestion_activites.mission", "pk": 9, "fields": {"societe": 1, "nom": "test com", "client": 1, "site": "yhefgcvb,nbvcghb cfghjnn bfcvhjb,n bchgvjh", "nature_mission": "test de la description", "criteres": "sip\r\ncqp\r\nalpds", "date_debut": "2023-02-22", "date_fin": "2023-02-22", "heure_debut": "19:40:00", "heure_fin": "20:40:00", "created_at": "2023-02-22T19:02:46.208Z", "modified_at": "2023-02-22T19:02:46.260Z"}}, {"model": "gestion_activites.mission", "pk": 11, "fields": {"societe": 1, "nom": "test jeydi", "client": 2, "site": "amazon", "nature_mission": "test jeydi", "criteres": "cqp", "date_debut": "2023-02-23", "date_fin": "2023-02-24", "heure_debut": "11:23:00", "heure_fin": "13:23:00", "created_at": "2023-02-23T09:24:21.515Z", "modified_at": "2023-02-23T09:24:21.520Z"}}, {"model": "gestion_activites.mission", "pk": 12, "fields": {"societe": 1, "nom": "test default incident", "client": 1, "site": "", "nature_mission": "", "criteres": "", "date_debut": "2023-02-23", "date_fin": "2023-02-23", "heure_debut": "10:31:00", "heure_fin": "12:31:00", "created_at": "2023-02-23T09:31:43.598Z", "modified_at": "2023-02-23T09:31:43.604Z"}}, {"model": "gestion_activites.details_mission", "pk": 4, "fields": {"nom": "test_thread", "societe": 1, "mission": 3, "client": 1, "equipe": 5, "constitution_equipe": true, "comment": null, "incident": null, "date_debut": "2023-01-23", "date_fin": "2023-01-31", "heure_debut": "21:11:00", "heure_fin": "23:11:00", "created_at": "2023-01-21T17:11:07.761Z", "modified_at": "2023-02-22T21:08:50.499Z"}}, {"model": "gestion_activites.details_mission", "pk": 5, "fields": {"nom": "test duree2", "societe": 1, "mission": 4, "client": 1, "equipe": 5, "constitution_equipe": true, "comment": "ok commentaires 1234\r\n003\r\n004", "incident": 1234, "date_debut": "2023-01-23", "date_fin": "2023-01-23", "heure_debut": "19:45:00", "heure_fin": "23:46:00", "created_at": "2023-01-23T19:46:23.845Z", "modified_at": "2023-02-22T22:37:16.530Z"}}, {"model": "gestion_activites.details_mission", "pk": 6, "fields": {"nom": "vac permission", "societe": 1, "mission": null, "client": 1, "equipe": 6, "constitution_equipe": false, "comment": null, "incident": null, "date_debut": "2023-02-01", "date_fin": "2023-03-03", "heure_debut": "04:09:00", "heure_fin": "05:09:00", "created_at": "2023-02-01T00:09:44.637Z", "modified_at": "2023-02-01T00:09:44.644Z"}}, {"model": "gestion_activites.details_mission", "pk": 9, "fields": {"nom": "test perm equipes", "societe": 1, "mission": 5, "client": 1, "equipe": 6, "constitution_equipe": false, "comment": null, "incident": null, "date_debut": "2023-02-02", "date_fin": "2023-03-03", "heure_debut": "00:44:00", "heure_fin": "02:44:00", "created_at": "2023-02-01T23:44:14.627Z", "modified_at": "2023-02-01T23:44:14.636Z"}}, {"model": "gestion_activites.details_mission", "pk": 10, "fields": {"nom": "test status", "societe": 1, "mission": 6, "client": 1, "equipe": 6, "constitution_equipe": false, "comment": null, "incident": null, "date_debut": "2023-02-16", "date_fin": "2023-11-23", "heure_debut": "02:53:00", "heure_fin": "04:53:00", "created_at": "2023-02-05T00:53:41.971Z", "modified_at": "2023-02-05T00:53:41.979Z"}}, {"model": "gestion_activites.details_mission", "pk": 11, "fields": {"nom": "modoudiant", "societe": 1, "mission": 7, "client": 1, "equipe": 7, "constitution_equipe": false, "comment": "beaucoup d'incidents\r\nvelo cassé", "incident": 1, "date_debut": "2023-02-18", "date_fin": "2025-10-18", "heure_debut": "10:00:00", "heure_fin": "20:00:00", "created_at": "2023-02-18T17:56:10.311Z", "modified_at": "2023-02-22T22:32:45.097Z"}}, {"model": "gestion_activites.details_mission", "pk": 13, "fields": {"nom": "Test permission", "societe": 1, "mission": null, "client": 1, "equipe": 5, "constitution_equipe": false, "comment": null, "incident": null, "date_debut": "2023-02-18", "date_fin": "2023-09-13", "heure_debut": "08:22:00", "heure_fin": "22:22:00", "created_at": "2023-02-18T18:22:52.576Z", "modified_at": "2023-02-18T18:22:52.584Z"}}, {"model": "gestion_activites.details_mission", "pk": 15, "fields": {"nom": "test com", "societe": 1, "mission": 9, "client": 1, "equipe": 6, "constitution_equipe": false, "comment": null, "incident": null, "date_debut": "2023-02-22", "date_fin": "2023-02-22", "heure_debut": "19:40:00", "heure_fin": "20:40:00", "created_at": "2023-02-22T19:02:46.280Z", "modified_at": "2023-02-22T19:02:46.295Z"}}, {"model": "gestion_activites.details_mission", "pk": 16, "fields": {"nom": "test incident", "societe": 1, "mission": 3, "client": 1, "equipe": 6, "constitution_equipe": false, "comment": "-test com1", "incident": 1, "date_debut": "2023-02-23", "date_fin": "2023-02-25", "heure_debut": "21:20:00", "heure_fin": "22:20:00", "created_at": "2023-02-22T19:20:47.315Z", "modified_at": "2023-02-22T19:39:01.581Z"}}, {"model": "gestion_activites.details_mission", "pk": 18, "fields": {"nom": "test jeydi", "societe": 1, "mission": 11, "client": 2, "equipe": 7, "constitution_equipe": false, "comment": "test jeydi0", "incident": 1, "date_debut": "2023-02-23", "date_fin": "2023-02-24", "heure_debut": "11:23:00", "heure_fin": "13:23:00", "created_at": "2023-02-23T09:24:21.527Z", "modified_at": "2023-02-23T09:24:56.131Z"}}, {"model": "gestion_activites.details_mission", "pk": 19, "fields": {"nom": "test jeudi", "societe": 1, "mission": 3, "client": 1, "equipe": 6, "constitution_equipe": false, "comment": "ok jeudi", "incident": 2, "date_debut": "2023-03-23", "date_fin": "2023-04-23", "heure_debut": "11:26:00", "heure_fin": "11:27:00", "created_at": "2023-02-23T09:27:05.521Z", "modified_at": "2023-02-23T09:27:26.432Z"}}, {"model": "gestion_activites.details_mission", "pk": 20, "fields": {"nom": "test default incident", "societe": 1, "mission": 12, "client": 1, "equipe": 8, "constitution_equipe": false, "comment": null, "incident": 0, "date_debut": "2023-02-23", "date_fin": "2023-02-23", "heure_debut": "10:31:00", "heure_fin": "12:31:00", "created_at": "2023-02-23T09:31:43.644Z", "modified_at": "2023-02-23T09:31:43.650Z"}}, {"model": "gestion_activites.vacation_agent", "pk": 12, "fields": {"societe": 1, "agent": 13, "client": 1, "mission": 4, "etat_mission": "AC", "comment": null, "date_debut": "2023-01-23", "date_fin": "2023-01-31", "heure_debut": "21:11:00", "heure_fin": "23:11:00", "created_at": "2023-01-21T17:11:07.777Z", "modified_at": "2023-01-21T17:11:37.852Z"}}, {"model": "gestion_activites.vacation_agent", "pk": 14, "fields": {"societe": 1, "agent": 13, "client": 1, "mission": 5, "etat_mission": "AC", "comment": "test-ok", "date_debut": "2023-01-23", "date_fin": "2023-01-23", "heure_debut": "19:45:00", "heure_fin": "23:46:00", "created_at": "2023-01-23T19:46:23.863Z", "modified_at": "2023-02-22T22:36:42.099Z"}}, {"model": "gestion_activites.vacation_agent", "pk": 15, "fields": {"societe": 1, "agent": 8, "client": 1, "mission": 5, "etat_mission": "AC", "comment": "", "date_debut": "2023-01-23", "date_fin": "2023-01-23", "heure_debut": "19:45:00", "heure_fin": "23:46:00", "created_at": "2023-01-23T19:46:23.886Z", "modified_at": "2023-02-22T22:36:58.316Z"}}, {"model": "gestion_activites.vacation_agent", "pk": 16, "fields": {"societe": 1, "agent": 14, "client": 1, "mission": null, "etat_mission": "AC", "comment": null, "date_debut": "2023-02-01", "date_fin": "2026-10-15", "heure_debut": "00:18:00", "heure_fin": "06:18:00", "created_at": "2023-01-31T23:18:42.715Z", "modified_at": "2023-01-31T23:30:28.649Z"}}, {"model": "gestion_activites.vacation_agent", "pk": 17, "fields": {"societe": 1, "agent": 14, "client": 1, "mission": 6, "etat_mission": "EA", "comment": null, "date_debut": "2023-02-01", "date_fin": "2023-03-03", "heure_debut": "04:09:00", "heure_fin": "05:09:00", "created_at": "2023-02-01T00:09:44.658Z", "modified_at": "2023-02-01T00:09:44.665Z"}}, {"model": "gestion_activites.vacation_agent", "pk": 18, "fields": {"societe": 1, "agent": 8, "client": 1, "mission": 6, "etat_mission": "EA", "comment": null, "date_debut": "2023-02-01", "date_fin": "2023-03-03", "heure_debut": "04:09:00", "heure_fin": "05:09:00", "created_at": "2023-02-01T00:09:44.672Z", "modified_at": "2023-02-01T00:09:44.678Z"}}, {"model": "gestion_activites.vacation_agent", "pk": 19, "fields": {"societe": 1, "agent": 13, "client": 1, "mission": 6, "etat_mission": "EA", "comment": null, "date_debut": "2023-02-01", "date_fin": "2023-03-03", "heure_debut": "04:09:00", "heure_fin": "05:09:00", "created_at": "2023-02-01T00:09:44.685Z", "modified_at": "2023-02-01T00:09:44.690Z"}}, {"model": "gestion_activites.vacation_agent", "pk": 20, "fields": {"societe": 1, "agent": 14, "client": 1, "mission": 9, "etat_mission": "EA", "comment": null, "date_debut": "2023-02-02", "date_fin": "2023-03-03", "heure_debut": "00:44:00", "heure_fin": "02:44:00", "created_at": "2023-02-01T23:44:14.646Z", "modified_at": "2023-02-01T23:44:14.652Z"}}, {"model": "gestion_activites.vacation_agent", "pk": 21, "fields": {"societe": 1, "agent": 8, "client": 1, "mission": 9, "etat_mission": "EA", "comment": null, "date_debut": "2023-02-02", "date_fin": "2023-03-03", "heure_debut": "00:44:00", "heure_fin": "02:44:00", "created_at": "2023-02-01T23:44:14.660Z", "modified_at": "2023-02-01T23:44:14.666Z"}}, {"model": "gestion_activites.vacation_agent", "pk": 22, "fields": {"societe": 1, "agent": 13, "client": 1, "mission": 9, "etat_mission": "EA", "comment": null, "date_debut": "2023-02-02", "date_fin": "2023-03-03", "heure_debut": "00:44:00", "heure_fin": "02:44:00", "created_at": "2023-02-01T23:44:14.673Z", "modified_at": "2023-02-01T23:44:14.679Z"}}, {"model": "gestion_activites.vacation_agent", "pk": 25, "fields": {"societe": 1, "agent": 15, "client": 2, "mission": null, "etat_mission": "AC", "comment": null, "date_debut": "2023-02-06", "date_fin": "2023-02-10", "heure_debut": "08:00:00", "heure_fin": "17:00:00", "created_at": "2023-02-05T00:17:16.455Z", "modified_at": "2023-02-05T00:17:16.472Z"}}, {"model": "gestion_activites.vacation_agent", "pk": 26, "fields": {"societe": 1, "agent": 14, "client": 1, "mission": 10, "etat_mission": "EA", "comment": null, "date_debut": "2023-02-16", "date_fin": "2023-11-23", "heure_debut": "02:53:00", "heure_fin": "04:53:00", "created_at": "2023-02-05T00:53:41.988Z", "modified_at": "2023-02-05T00:53:41.996Z"}}, {"model": "gestion_activites.vacation_agent", "pk": 27, "fields": {"societe": 1, "agent": 8, "client": 1, "mission": 10, "etat_mission": "EA", "comment": null, "date_debut": "2023-02-16", "date_fin": "2023-11-23", "heure_debut": "02:53:00", "heure_fin": "04:53:00", "created_at": "2023-02-05T00:53:42.007Z", "modified_at": "2023-02-05T00:53:42.018Z"}}, {"model": "gestion_activites.vacation_agent", "pk": 28, "fields": {"societe": 1, "agent": 13, "client": 1, "mission": 10, "etat_mission": "EA", "comment": null, "date_debut": "2023-02-16", "date_fin": "2023-11-23", "heure_debut": "02:53:00", "heure_fin": "04:53:00", "created_at": "2023-02-05T00:53:42.025Z", "modified_at": "2023-02-05T00:53:42.032Z"}}, {"model": "gestion_activites.vacation_agent", "pk": 29, "fields": {"societe": 1, "agent": 16, "client": 1, "mission": null, "etat_mission": "AC", "comment": null, "date_debut": "2023-02-18", "date_fin": "2023-02-18", "heure_debut": "09:00:00", "heure_fin": "18:00:00", "created_at": "2023-02-18T17:49:08.865Z", "modified_at": "2023-02-18T17:49:08.912Z"}}, {"model": "gestion_activites.vacation_agent", "pk": 33, "fields": {"societe": 1, "agent": 16, "client": 1, "mission": 11, "etat_mission": "AC", "comment": "", "date_debut": "2023-02-18", "date_fin": "2025-10-18", "heure_debut": "10:00:00", "heure_fin": "20:00:00", "created_at": "2023-02-18T17:56:10.337Z", "modified_at": "2023-02-22T22:36:27.219Z"}}, {"model": "gestion_activites.vacation_agent", "pk": 34, "fields": {"societe": 1, "agent": 14, "client": 1, "mission": 11, "etat_mission": "EA", "comment": null, "date_debut": "2023-02-18", "date_fin": "2025-10-18", "heure_debut": "10:00:00", "heure_fin": "20:00:00", "created_at": "2023-02-18T17:56:10.461Z", "modified_at": "2023-02-22T22:32:45.174Z"}}, {"model": "gestion_activites.vacation_agent", "pk": 35, "fields": {"societe": 1, "agent": 13, "client": 1, "mission": 11, "etat_mission": "EA", "comment": null, "date_debut": "2023-02-18", "date_fin": "2025-10-18", "heure_debut": "10:00:00", "heure_fin": "20:00:00", "created_at": "2023-02-18T17:56:10.483Z", "modified_at": "2023-02-22T22:32:45.183Z"}}, {"model": "gestion_activites.vacation_agent", "pk": 36, "fields": {"societe": 1, "agent": 8, "client": 1, "mission": 11, "etat_mission": "EA", "comment": null, "date_debut": "2023-02-18", "date_fin": "2025-10-18", "heure_debut": "10:00:00", "heure_fin": "20:00:00", "created_at": "2023-02-18T17:56:10.501Z", "modified_at": "2023-02-22T22:32:45.190Z"}}, {"model": "gestion_activites.vacation_agent", "pk": 37, "fields": {"societe": 1, "agent": 13, "client": 1, "mission": 13, "etat_mission": "EA", "comment": null, "date_debut": "2023-02-18", "date_fin": "2023-09-13", "heure_debut": "08:22:00", "heure_fin": "22:22:00", "created_at": "2023-02-18T18:22:52.609Z", "modified_at": "2023-02-18T18:22:52.618Z"}}, {"model": "gestion_activites.vacation_agent", "pk": 38, "fields": {"societe": 1, "agent": 8, "client": 1, "mission": 13, "etat_mission": "EA", "comment": null, "date_debut": "2023-02-18", "date_fin": "2023-09-13", "heure_debut": "08:22:00", "heure_fin": "22:22:00", "created_at": "2023-02-18T18:22:52.627Z", "modified_at": "2023-02-18T18:22:52.634Z"}}, {"model": "gestion_activites.vacation_agent", "pk": 42, "fields": {"societe": 1, "agent": 14, "client": 1, "mission": 15, "etat_mission": "EA", "comment": null, "date_debut": "2023-02-22", "date_fin": "2023-02-22", "heure_debut": "19:40:00", "heure_fin": "20:40:00", "created_at": "2023-02-22T19:02:46.321Z", "modified_at": "2023-02-22T19:02:46.330Z"}}, {"model": "gestion_activites.vacation_agent", "pk": 43, "fields": {"societe": 1, "agent": 8, "client": 1, "mission": 15, "etat_mission": "EA", "comment": null, "date_debut": "2023-02-22", "date_fin": "2023-02-22", "heure_debut": "19:40:00", "heure_fin": "20:40:00", "created_at": "2023-02-22T19:02:46.341Z", "modified_at": "2023-02-22T19:02:46.349Z"}}, {"model": "gestion_activites.vacation_agent", "pk": 44, "fields": {"societe": 1, "agent": 13, "client": 1, "mission": 15, "etat_mission": "EA", "comment": null, "date_debut": "2023-02-22", "date_fin": "2023-02-22", "heure_debut": "19:40:00", "heure_fin": "20:40:00", "created_at": "2023-02-22T19:02:46.359Z", "modified_at": "2023-02-22T19:02:46.367Z"}}, {"model": "gestion_activites.vacation_agent", "pk": 45, "fields": {"societe": 1, "agent": 14, "client": 1, "mission": 16, "etat_mission": "EA", "comment": "non vide", "date_debut": "2023-02-23", "date_fin": "2023-02-25", "heure_debut": "21:20:00", "heure_fin": "22:20:00", "created_at": "2023-02-22T19:20:47.385Z", "modified_at": "2023-02-22T20:11:15.632Z"}}, {"model": "gestion_activites.vacation_agent", "pk": 46, "fields": {"societe": 1, "agent": 8, "client": 1, "mission": 16, "etat_mission": "EA", "comment": null, "date_debut": "2023-02-23", "date_fin": "2023-02-25", "heure_debut": "21:20:00", "heure_fin": "22:20:00", "created_at": "2023-02-22T19:20:47.402Z", "modified_at": "2023-02-22T19:39:01.660Z"}}, {"model": "gestion_activites.vacation_agent", "pk": 47, "fields": {"societe": 1, "agent": 13, "client": 1, "mission": 16, "etat_mission": "EA", "comment": null, "date_debut": "2023-02-23", "date_fin": "2023-02-25", "heure_debut": "21:20:00", "heure_fin": "22:20:00", "created_at": "2023-02-22T19:20:47.421Z", "modified_at": "2023-02-22T19:39:01.670Z"}}, {"model": "gestion_activites.vacation_agent", "pk": 51, "fields": {"societe": 1, "agent": 15, "client": 1, "mission": null, "etat_mission": "AC", "comment": "nouveau comment", "date_debut": "2023-02-24", "date_fin": "2023-02-25", "heure_debut": "01:11:00", "heure_fin": "22:11:00", "created_at": "2023-02-22T20:11:49.882Z", "modified_at": "2023-02-22T20:11:49.904Z"}}, {"model": "gestion_activites.vacation_agent", "pk": 56, "fields": {"societe": 1, "agent": 16, "client": 2, "mission": 18, "etat_mission": "AC", "comment": "Ok lemoine", "date_debut": "2023-02-23", "date_fin": "2023-02-24", "heure_debut": "11:23:00", "heure_fin": "13:23:00", "created_at": "2023-02-23T09:24:21.563Z", "modified_at": "2023-02-23T09:26:01.119Z"}}, {"model": "gestion_activites.vacation_agent", "pk": 57, "fields": {"societe": 1, "agent": 14, "client": 2, "mission": 18, "etat_mission": "EA", "comment": null, "date_debut": "2023-02-23", "date_fin": "2023-02-24", "heure_debut": "11:23:00", "heure_fin": "13:23:00", "created_at": "2023-02-23T09:24:21.575Z", "modified_at": "2023-02-23T09:24:56.180Z"}}, {"model": "gestion_activites.vacation_agent", "pk": 58, "fields": {"societe": 1, "agent": 13, "client": 2, "mission": 18, "etat_mission": "EA", "comment": null, "date_debut": "2023-02-23", "date_fin": "2023-02-24", "heure_debut": "11:23:00", "heure_fin": "13:23:00", "created_at": "2023-02-23T09:24:21.602Z", "modified_at": "2023-02-23T09:24:56.187Z"}}, {"model": "gestion_activites.vacation_agent", "pk": 59, "fields": {"societe": 1, "agent": 8, "client": 2, "mission": 18, "etat_mission": "EA", "comment": null, "date_debut": "2023-02-23", "date_fin": "2023-02-24", "heure_debut": "11:23:00", "heure_fin": "13:23:00", "created_at": "2023-02-23T09:24:21.615Z", "modified_at": "2023-02-23T09:24:56.192Z"}}, {"model": "gestion_activites.vacation_agent", "pk": 60, "fields": {"societe": 1, "agent": 14, "client": 1, "mission": 19, "etat_mission": "EA", "comment": null, "date_debut": "2023-03-23", "date_fin": "2023-04-23", "heure_debut": "11:26:00", "heure_fin": "11:27:00", "created_at": "2023-02-23T09:27:05.541Z", "modified_at": "2023-02-23T09:27:26.474Z"}}, {"model": "gestion_activites.vacation_agent", "pk": 61, "fields": {"societe": 1, "agent": 8, "client": 1, "mission": 19, "etat_mission": "EA", "comment": null, "date_debut": "2023-03-23", "date_fin": "2023-04-23", "heure_debut": "11:26:00", "heure_fin": "11:27:00", "created_at": "2023-02-23T09:27:05.552Z", "modified_at": "2023-02-23T09:27:26.480Z"}}, {"model": "gestion_activites.vacation_agent", "pk": 62, "fields": {"societe": 1, "agent": 13, "client": 1, "mission": 19, "etat_mission": "EA", "comment": null, "date_debut": "2023-03-23", "date_fin": "2023-04-23", "heure_debut": "11:26:00", "heure_fin": "11:27:00", "created_at": "2023-02-23T09:27:05.564Z", "modified_at": "2023-02-23T09:27:26.486Z"}}, {"model": "gestion_activites.vacation_agent", "pk": 63, "fields": {"societe": 1, "agent": 13, "client": 1, "mission": 20, "etat_mission": "EA", "comment": null, "date_debut": "2023-02-23", "date_fin": "2023-02-23", "heure_debut": "10:31:00", "heure_fin": "12:31:00", "created_at": "2023-02-23T09:31:43.659Z", "modified_at": "2023-02-23T09:31:43.665Z"}}, {"model": "gestion_activites.vacation_agent", "pk": 64, "fields": {"societe": 1, "agent": 15, "client": 1, "mission": 20, "etat_mission": "EA", "comment": null, "date_debut": "2023-02-23", "date_fin": "2023-02-23", "heure_debut": "10:31:00", "heure_fin": "12:31:00", "created_at": "2023-02-23T09:31:43.671Z", "modified_at": "2023-02-23T09:31:43.676Z"}}, {"model": "gestion_utilisateurs.societe", "pk": 1, "fields": {"nom": "Universal Security", "telephone": "54963529652", "rue1": "", "rue2": "", "code_postal": "", "ville": "", "pays": "FRANCE", "boite_postale": "", "created_at": "2023-01-07T12:48:35.160Z", "modified_at": "2023-01-07T12:48:35.160Z"}}, {"model": "gestion_utilisateurs.societe", "pk": 2, "fields": {"nom": "autre", "telephone": "", "rue1": "", "rue2": "", "code_postal": "", "ville": "", "pays": "FRANCE", "boite_postale": "", "created_at": "2023-02-18T10:09:19.960Z", "modified_at": "2023-02-18T10:09:19.960Z"}}, {"model": "gestion_utilisateurs.user", "pk": 2, "fields": {"password": "pbkdf2_sha256$320000$KdNRUNDSimkoA6hi5hf0Ed$XnfOlQpF7Lr2Wbzl590T37e32DXAiUmC/cJCDVagrlQ=", "last_login": "2023-01-07T14:56:00.236Z", "is_superuser": false, "societe": 1, "username": "", "email": "testgo@gmail.com", "is_verified": false, "active": true, "responsable": false, "staff": true, "admin": true, "created_at": "2023-01-07T12:49:53.517Z", "modified_at": "2023-01-08T14:41:55.374Z", "groups": [], "user_permissions": []}}, {"model": "gestion_utilisateurs.user", "pk": 16, "fields": {"password": "pbkdf2_sha256$320000$bEgOiyDEalaqG8V1Q8sDMZ$+YQyPOKmbQIhU+89H9h00tGCI/L8dnSpjceBkPggLfM=", "last_login": "2023-02-23T13:35:49.733Z", "is_superuser": false, "societe": 1, "username": "", "email": "mysterystars03@gmail.com", "is_verified": true, "active": true, "responsable": true, "staff": true, "admin": true, "created_at": "2023-01-07T16:16:11.458Z", "modified_at": "2023-01-07T16:16:29.256Z", "groups": [], "user_permissions": []}}, {"model": "gestion_utilisateurs.user", "pk": 37, "fields": {"password": "pbkdf2_sha256$320000$wjJruEitGkrGjdg1pykMdJ$NB9rEq2CeTAo74bfsphI87vZAALeahozJANcakorFew=", "last_login": null, "is_superuser": false, "societe": 1, "username": "sdffgffdsd", "email": "texcgo11@gmail.com", "is_verified": false, "active": false, "responsable": false, "staff": false, "admin": false, "created_at": "2023-01-10T22:24:56.224Z", "modified_at": "2023-01-10T22:24:56.224Z", "groups": [], "user_permissions": []}}, {"model": "gestion_utilisateurs.user", "pk": 53, "fields": {"password": "pbkdf2_sha256$320000$oIJao95YH8Kan4Vd1jbauy$H3EWMnHkiqiCtVwxILtbDvZ3/gIyJKgweof/1dkpw1A=", "last_login": "2023-02-23T12:46:11.349Z", "is_superuser": false, "societe": 1, "username": "ok test", "email": "diagnabdoumeas@gmail.com", "is_verified": true, "active": true, "responsable": true, "staff": true, "admin": false, "created_at": "2023-01-21T13:01:56.597Z", "modified_at": "2023-02-23T12:45:47.567Z", "groups": [], "user_permissions": []}}, {"model": "gestion_utilisateurs.user", "pk": 56, "fields": {"password": "pbkdf2_sha256$320000$doaioIHAzRW3u1vJjPObft$koNuWoxVZiCtw+UICZenwI/IZl6kEsIrPJgIl26ryic=", "last_login": "2023-02-23T13:36:16.541Z", "is_superuser": false, "societe": 1, "username": "Babacar Diagne", "email": "abdoulaye19971@gmail.com", "is_verified": true, "active": true, "responsable": true, "staff": false, "admin": false, "created_at": "2023-01-21T17:06:48.082Z", "modified_at": "2023-02-18T18:23:23.267Z", "groups": [], "user_permissions": []}}, {"model": "gestion_utilisateurs.user", "pk": 57, "fields": {"password": "pbkdf2_sha256$320000$NzTaE1om5NNaPdpttyxbIX$247ZAJ2Iag1tPJvxuHrzs3NeyP4j7XGYgitARyauibs=", "last_login": "2023-02-05T03:10:57.848Z", "is_superuser": false, "societe": 1, "username": "test_perm", "email": "test@test.com", "is_verified": true, "active": true, "responsable": true, "staff": false, "admin": false, "created_at": "2023-01-31T22:45:27.729Z", "modified_at": "2023-01-31T22:45:27.752Z", "groups": [], "user_permissions": []}}, {"model": "gestion_utilisateurs.user", "pk": 58, "fields": {"password": "pbkdf2_sha256$320000$uqDS2dWxZO6P2i1oH2GYV6$nMvOZPZBLRSLYwLD33fuy8Tl83n1WfDiDduvI7LpInA=", "last_login": null, "is_superuser": false, "societe": 1, "username": "test_log", "email": "test33@ff.com", "is_verified": false, "active": true, "responsable": false, "staff": true, "admin": false, "created_at": "2023-02-03T10:58:34.178Z", "modified_at": "2023-02-03T10:58:34.215Z", "groups": [], "user_permissions": []}}, {"model": "gestion_utilisateurs.user", "pk": 59, "fields": {"password": "pbkdf2_sha256$320000$KC2KdNZjCk4oUk5mYrwFSG$JrzEDKvE2uxI3y2WEZZf16c7EJ0jq/tbIJ/4o/t/bhg=", "last_login": null, "is_superuser": false, "societe": 1, "username": "test3log", "email": "test3f3@ffff.com", "is_verified": false, "active": true, "responsable": true, "staff": false, "admin": false, "created_at": "2023-02-03T11:00:22.178Z", "modified_at": "2023-02-03T11:00:22.222Z", "groups": [], "user_permissions": []}}, {"model": "gestion_utilisateurs.user", "pk": 60, "fields": {"password": "pbkdf2_sha256$320000$cCk0E8c0rymTIQjuQZPRYu$XCuYC6+SNvohutqPv93J8/dJL31DcxtXIA+PP5Qdi9s=", "last_login": null, "is_superuser": false, "societe": 2, "username": "Cheikhou Omar DIAKHATE", "email": "cheikhouomardiakhate@gmail.com", "is_verified": false, "active": true, "responsable": false, "staff": true, "admin": false, "created_at": "2023-02-05T00:15:03.038Z", "modified_at": "2023-02-18T10:09:26.588Z", "groups": [], "user_permissions": []}}, {"model": "gestion_utilisateurs.user", "pk": 61, "fields": {"password": "pbkdf2_sha256$320000$Vtp9kT0rl4mOJpPzTomMCE$T9btwqz3SXCBdH+b9F46MrZSC7Q1ZjGXzxVxa20TKVk=", "last_login": null, "is_superuser": false, "societe": 1, "username": "Antoine Limier", "email": "amathcaraw94@gmail.com", "is_verified": false, "active": true, "responsable": false, "staff": true, "admin": false, "created_at": "2023-02-18T17:43:28.739Z", "modified_at": "2023-02-19T23:34:11.933Z", "groups": [], "user_permissions": []}}]